{"structures":{"L":{"count":327896,"prob":0.24009249421728088},"DSL":{"count":322187,"prob":0.23591224179124806},"DSDSL":{"count":322187,"prob":0.23591224179124806},"LSLSL":{"count":215743,"prob":0.1579716586354174},"LSL":{"count":109546,"prob":0.08021193418500454},"DSLSL":{"count":22943,"prob":0.016799357402429656},"DSDSLSL":{"count":22943,"prob":0.016799357402429656},"DSLSLSL":{"count":9012,"prob":0.006598779972570984},"DSDSLSLSL":{"count":9012,"prob":0.006598779972570984},"DSLSLSLSL":{"count":1515,"prob":0.0011093155413276787},"DSDSLSLSLSL":{"count":1515,"prob":0.0011093155413276787},"LSLSLSL":{"count":550,"prob":0.0004027218136833157},"DSLSLSLSLSL":{"count":284,"prob":0.00020795090015647574},"DSDSLSLSLSLSL":{"count":284,"prob":0.00020795090015647574},"DSLSLSLSLSLSL":{"count":35,"prob":0.000025627751779847363},"DSDSLSLSLSLSLSL":{"count":35,"prob":0.000025627751779847363},"LS":{"count":12,"prob":0.000008786657753090525},"DSLS":{"count":2,"prob":0.0000014644429588484207},"DSDSLS":{"count":2,"prob":0.0000014644429588484207},"DSLSLSLSLSLSLSL":{"count":1,"prob":7.322214794242103e-7},"DSDSLSLSLSLSLSLSL":{"count":1,"prob":7.322214794242103e-7},"LSLS":{"count":1,"prob":7.322214794242103e-7},"LSLSLSLSL":{"count":1,"prob":7.322214794242103e-7}},"terminals":{"U":{"prob":0.25,"values":[]},"L":{"prob":0.45,"values":["a","c","b","p","d","n","s","l","f","m","o","e","i","r","v","h","g","u","t","x","q","j","z","w","y","k","ë","á","ç","é","ó","í","ã","ï","â","ú","à","ô","ê","ö","è","ì","ñ","ä","ü","õ","î"]},"D":{"prob":0.2,"values":["5","0","6","4","3","2","1","9","8","7"]},"S":{"prob":0.1,"values":["-"," ","'","ý","?","/","(",")"]}}}